City_ID,City,Lat,Lng,Max Temp,Humidity,Cloudiness,Wind Speed,Country,Date
0,holualoa,19.6228,-155.9522,23.64,89,85,1.83,US,1724825382
1,port-aux-francais,-49.35,70.2167,5.4,97,100,13.8,TF,1724825384
2,waitangi,-43.9535,-176.5597,11.01,96,100,4.92,NZ,1724825385
3,puerto natales,-51.7236,-72.4875,3.84,82,91,6.39,CL,1724825386
4,sena madureira,-9.0656,-68.6569,20.93,57,1,0.49,BR,1724825387
5,mozarlandia,-14.7447,-50.5706,25.56,30,0,3.85,BR,1724825388
6,port elizabeth,-33.918,25.5701,11.29,64,77,5.36,ZA,1724825390
7,kudahuvadhoo,2.6708,72.8944,28.53,72,28,1.56,MV,1724825391
8,blackmans bay,-43.0167,147.3167,9.29,62,60,2.24,AU,1724825392
9,hawaiian paradise park,19.5933,-154.9731,23.73,94,75,2.57,US,1724825393
10,balkanabat,39.5108,54.3671,33.36,14,0,5.7,TM,1724825394
11,georgievka,49.3314,81.5761,22.28,30,5,5.38,KZ,1724825395
12,anadyr,64.75,177.4833,14.28,67,0,4.0,RU,1724825396
13,callao,-12.0667,-77.15,15.16,82,100,1.54,PE,1724825397
14,hilo,19.7297,-155.09,23.85,91,75,2.57,US,1724825399
15,ilulissat,69.2167,-51.1,4.01,87,100,0.0,GL,1724825400
16,adamstown,-25.066,-130.1015,19.02,63,83,3.71,PN,1724825401
17,west island,-12.1568,96.8225,28.99,70,75,7.2,CC,1724825402
18,flying fish cove,-10.4217,105.6791,26.82,73,100,7.2,CX,1724825403
19,vila do maio,15.1333,-23.2167,26.64,80,79,2.1,CV,1724825404
20,olonkinbyen,70.9221,-8.7187,3.87,80,0,1.36,SJ,1724825405
21,hadibu,12.65,54.0333,28.15,73,94,11.87,YE,1724825407
22,humahuaca,-23.2054,-65.3505,8.25,17,100,1.36,AR,1724825408
23,bredy,52.4153,60.3411,20.11,60,1,2.82,RU,1724825409
24,midvagur,62.0511,-7.1939,11.46,100,100,7.2,FO,1724825410
25,ushuaia,-54.8,-68.3,6.81,53,75,3.6,AR,1724825411
26,ungsang-nodongjagu,42.3578,130.4622,21.75,65,9,2.75,KP,1724825412
27,badger,64.8,-147.5333,13.95,80,75,0.0,US,1724825413
28,amahai,-3.3333,128.9167,24.81,90,100,3.29,ID,1724825415
29,hermanus,-34.4187,19.2345,6.0,69,100,9.05,ZA,1724825416
30,dryden,49.7833,-92.7503,14.17,67,100,2.79,CA,1724825417
31,labytnangi,66.6572,66.4183,20.48,52,50,5.29,RU,1724825418
32,peterborough,52.5736,-0.2478,15.61,88,0,1.03,GB,1724825419
33,bethel,41.3712,-73.414,21.61,90,25,0.89,US,1724825421
34,betio village,1.358,172.9211,30.02,72,97,5.76,KI,1724825422
35,albany,42.6001,-73.9662,21.48,83,79,1.62,US,1724825423
36,zouerate,22.7187,-12.4521,28.98,24,64,5.31,MR,1724825424
37,colonia,50.9333,6.95,17.76,80,0,2.06,DE,1724825425
38,tolanaro,-25.0319,46.9987,23.74,67,2,7.77,MG,1724825428
39,invercargill,-46.4,168.35,15.57,58,98,4.02,NZ,1724825429
40,kirakira,-10.4544,161.9205,27.03,75,92,6.12,SB,1724825430
41,bestobe,52.4994,73.0975,17.61,60,76,2.92,KZ,1724825431
42,kristiansund,63.1115,7.732,15.36,88,75,2.06,NO,1724825432
43,weno,7.4515,151.8468,26.97,89,100,2.06,FM,1724825434
44,iqaluit,63.7506,-68.5145,6.5,75,100,7.6,CA,1724825435
45,port mathurin,-19.6833,63.4167,21.29,67,100,13.43,MU,1724825436
46,queenstown,-31.8976,26.8753,6.96,53,2,9.79,ZA,1724825437
47,neftekumsk,44.6667,44.9167,29.5,32,12,7.41,RU,1724825438
48,hawera,-39.5917,174.2833,11.63,83,52,6.53,NZ,1724825439
49,port lincoln,-34.7333,135.8667,14.83,57,5,8.55,AU,1724825440
50,shingu,33.7333,135.9833,29.15,71,72,3.33,JP,1724825442
51,vorgashor,67.5833,63.95,16.03,70,50,5.29,RU,1724825443
52,chibougamau,49.9168,-74.3659,8.74,72,90,5.89,CA,1724825444
53,zyryanskoye,56.8306,86.6258,13.33,93,100,3.66,RU,1724825445
54,terrace,54.5163,-128.6035,9.64,90,36,0.6,CA,1724825446
55,ad darb,17.7229,42.2526,31.73,66,91,4.11,SA,1724825447
56,atafu village,-8.5421,-172.5159,28.45,72,7,6.36,TK,1724825448
57,deder,9.3167,41.45,18.88,52,100,2.58,ET,1724825450
58,mirny,62.5353,113.9611,7.19,88,100,3.24,RU,1724825451
59,strezhevoy,60.7333,77.5889,20.34,61,68,3.9,RU,1724825452
60,taulaga,-11.0553,-171.0883,27.67,76,14,4.38,AS,1724825453
61,alotau,-10.3069,150.4462,27.57,60,44,3.34,PG,1724825454
62,lebu,-37.6167,-73.65,6.31,86,19,6.03,CL,1724825455
63,petropavlovsk-kamchatsky,53.0452,158.6483,22.33,43,75,6.0,RU,1724825205
64,bobo-dioulasso,11.1771,-4.2979,20.78,92,100,3.47,BF,1724825458
65,salalah,17.0151,54.0924,26.05,94,100,4.12,OM,1724825459
66,horta,38.5333,-28.6333,20.57,82,83,1.79,PT,1724825460
67,hammerfest,70.6634,23.6821,11.25,87,75,5.66,NO,1724825461
68,akureyri,65.6835,-18.0878,6.96,81,75,1.54,IS,1724825462
69,puerto ayora,-0.7393,-90.3518,18.64,97,23,1.34,EC,1724825463
70,alice springs,-23.7,133.8833,32.75,14,1,3.09,AU,1724825464
71,udachny,66.4167,112.4,12.97,52,74,4.2,RU,1724825466
72,colonia menno,-22.3667,-59.8167,14.12,44,25,3.51,PY,1724825467
73,raahe,64.6833,24.4833,12.9,73,88,6.06,FI,1724825468
74,inirida,3.8653,-67.9239,22.35,99,99,1.16,CO,1724825469
75,punta arenas,-53.15,-70.9167,4.06,81,20,8.75,CL,1724825473
76,sao vicente,-23.9631,-46.3919,13.88,26,30,1.92,BR,1724825474
77,hithadhoo,-0.6,73.0833,28.18,75,21,4.09,MV,1724825475
78,stanley,54.868,-1.6985,14.04,88,20,2.57,GB,1724825476
79,qaqortoq,60.7167,-46.0333,3.72,94,100,1.81,GL,1724825477
80,prince rupert,54.3161,-130.3201,12.83,88,83,1.54,CA,1724825479
81,savannah,32.0835,-81.0998,26.08,88,0,0.0,US,1724825262
82,kavaratti,10.5669,72.642,27.41,85,97,5.52,IN,1724825481
83,itoman,26.1247,127.6694,32.21,84,75,9.26,JP,1724825482
84,newport,51.5877,-2.9984,17.06,91,100,0.68,GB,1724825483
85,luderitz,-26.6481,15.1594,12.41,77,0,9.82,NA,1724825484
86,bacabal,-4.2917,-44.7917,22.8,91,67,1.65,BR,1724825485
87,acapulco de juarez,16.8634,-99.8901,24.9,88,100,3.6,MX,1724825486
88,bac lieu,9.285,105.7244,26.33,86,86,6.66,VN,1724825488
89,jamestown,42.097,-79.2353,21.8,97,0,1.54,US,1724825489
90,bilibino,68.0546,166.4372,4.18,75,100,2.51,RU,1724825490
91,wailua homesteads,22.0669,-159.378,25.44,83,40,5.66,US,1724825491
92,menaka,15.9182,2.4022,28.19,65,51,5.87,ML,1724825493
93,edinburgh of the seven seas,-37.0676,-12.3116,13.12,81,100,14.23,SH,1724825494
94,colon,9.3592,-79.9014,24.97,87,30,1.79,PA,1724825495
95,remire-montjoly,4.9167,-52.2667,23.02,100,75,0.51,GF,1724825496
96,vorkuta,67.5,64.0,16.43,70,47,5.91,RU,1724825497
97,aasiaat,68.7098,-52.8699,3.28,86,100,4.26,GL,1724825498
98,cabo san lucas,22.8909,-109.9124,29.86,61,34,3.39,MX,1724825500
99,coquimbo,-29.9533,-71.3436,11.85,86,100,0.0,CL,1724825501
100,vila franca do campo,37.7167,-25.4333,20.23,64,42,1.86,PT,1724825502
101,papatowai,-46.5619,169.4708,11.79,80,100,2.39,NZ,1724825503
102,hamilton,39.1834,-84.5333,26.1,79,0,0.0,US,1724825504
103,carnarvon,-24.8667,113.6333,22.55,60,0,4.91,AU,1724825505
104,susuman,62.7833,148.1667,5.46,67,99,4.14,RU,1724825508
105,mitu,1.1983,-70.1733,22.97,83,92,0.89,CO,1724825510
106,vilyuchinsk,52.9306,158.4028,23.15,71,100,4.98,RU,1724825512
107,bonthe,7.5264,-12.505,24.54,94,100,7.25,SL,1724825513
108,gadzhiyevo,69.2551,33.3362,12.73,68,25,12.23,RU,1724825514
109,at taj,24.2049,23.2857,30.92,38,17,7.1,LY,1724825515
110,northam,51.0333,-4.2167,15.34,92,100,2.56,GB,1724825516
111,ola,59.5833,151.2833,16.08,65,73,3.42,RU,1724825517
112,praia da vitoria,38.7333,-27.0667,21.53,82,78,2.98,PT,1724825518
113,la passe,45.5549,-0.8967,17.49,60,13,2.94,FR,1724825520
114,al bawiti,28.3492,28.8659,29.09,43,78,4.84,EG,1724825521
115,dudinka,69.4058,86.1778,13.25,90,100,1.62,RU,1724825522
116,yuzhno-kurilsk,44.0306,145.8556,18.78,98,100,1.54,RU,1724825523
117,usinsk,65.9939,57.5281,18.24,52,7,7.04,RU,1724825524
118,kunshan,31.3776,120.9543,32.66,59,65,2.15,CN,1724825525
119,mogocha,53.7333,119.7667,22.15,33,1,5.06,RU,1724825526
120,chonchi,-42.6128,-73.8092,3.4,90,35,0.68,CL,1724825527
121,harstad,68.799,16.5293,10.09,90,100,5.36,NO,1724825529
122,ulaangom,49.9811,92.0667,24.43,23,29,3.44,MN,1724825530
123,glace bay,46.1969,-59.957,17.31,94,0,7.72,CA,1724825531
124,srikakulam,18.3,83.9,31.32,62,98,3.61,IN,1724825532
125,markovo,57.3206,107.0881,16.39,78,98,3.47,RU,1724825533
126,vila velha,-20.3297,-40.2925,19.41,80,75,1.54,BR,1724825534
127,sola,-13.8833,167.55,25.18,66,100,11.53,VU,1724825535
128,keflavik,64.0049,-22.5624,8.24,87,0,5.14,IS,1724825538
129,alaghsas,17.0187,8.0168,27.57,56,99,2.01,NE,1724825539
130,peace river,56.2501,-117.286,14.25,90,100,3.6,CA,1724825540
131,college,64.8569,-147.8028,14.56,78,75,0.0,US,1724825406
132,thompson,55.7435,-97.8558,12.09,66,20,1.54,CA,1724825542
133,grytviken,-54.2811,-36.5092,3.62,90,100,3.25,GS,1724825544
134,whitehorse,60.7161,-135.0538,10.43,65,75,7.72,CA,1724825545
135,taperoa,-7.2075,-36.8267,18.51,92,38,6.93,BR,1724825546
136,alofi,-19.0595,-169.9187,21.94,78,40,3.6,NU,1724825548
137,bubaque,11.2833,-15.8333,26.89,88,100,7.73,GW,1724825550
138,lazaro cardenas,17.9583,-102.2,26.87,86,99,1.53,MX,1724825551
139,sos'va,59.1766,61.8558,23.33,61,76,2.94,RU,1724825552
140,yellowknife,62.456,-114.3525,15.23,98,100,5.14,CA,1724825550
141,zaragoza,41.6561,-0.8773,24.45,69,75,3.09,ES,1724825386
142,broome,42.2506,-75.833,22.06,95,75,1.65,US,1724825556
143,ribeira grande,38.5167,-28.7,20.99,82,83,1.79,PT,1724825557
144,isoka,-10.1606,32.6335,21.48,55,80,1.35,ZM,1724825558
145,utrik,11.2278,169.8474,28.92,75,67,4.8,MH,1724825560
146,sinabang,2.4803,96.3801,29.69,59,100,1.83,ID,1724825561
147,leh,34.1667,77.5833,15.66,45,32,3.27,IN,1724825563
148,tam ky,15.5667,108.4833,34.74,44,100,5.57,VN,1724825565
149,palapye,-22.546,27.1251,21.83,17,0,1.85,BW,1724825566
150,turtas,58.9417,69.1325,20.72,61,51,3.35,RU,1724825567
151,gubkinskiy,64.434,76.5026,20.69,53,25,3.51,RU,1724825568
152,urucara,-2.5364,-57.76,24.02,62,66,1.86,BR,1724825569
153,ginir,7.1333,40.7,19.31,60,74,6.57,ET,1724825571
154,milagros,12.2181,123.5095,28.25,76,93,7.43,PH,1724825572
155,atherton,53.5237,-2.4935,15.12,95,61,2.5,GB,1724825573
156,klyuchi,52.2667,79.1667,20.43,45,74,3.37,RU,1724825574
157,bredasdorp,-34.5322,20.0403,6.62,70,94,7.19,ZA,1724825576
158,saipan,15.1355,145.701,32.39,70,75,5.66,MP,1724825411
159,talnakh,69.4865,88.3972,14.38,90,100,1.51,RU,1724825578
160,i-n-salah,27.1935,2.4607,32.94,19,8,4.15,DZ,1724825477
161,timimoun,29.2639,0.231,31.21,20,20,4.12,DZ,1724825580
162,gaspe,48.8334,-64.4819,23.12,73,100,2.06,CA,1724825581
163,vikhorevka,56.1201,101.1636,17.4,63,47,5.74,RU,1724825583
164,arraial do cabo,-22.9661,-42.0278,18.3,69,2,3.06,BR,1724825584
165,longyearbyen,78.2186,15.6401,5.91,65,20,6.69,SJ,1724825585
166,san julian,21.0167,-102.1667,15.29,73,44,1.92,MX,1724825586
167,villa huidobro,-34.8383,-64.5869,11.13,52,72,6.2,AR,1724825588
168,isafjordur,66.0755,-23.124,4.04,89,81,1.92,IS,1724825589
169,kailua-kona,19.6406,-155.9956,25.71,90,83,3.07,US,1724825590
170,poronaysk,49.2167,143.1167,19.18,86,9,3.66,RU,1724825591
171,obiaruku,5.8467,6.1526,23.11,98,88,1.26,NG,1724825592
172,usol'ye,59.4268,56.6808,19.37,91,60,3.24,RU,1724825594
173,nemuro,43.3236,145.575,17.92,100,100,1.49,JP,1724825391
174,mount isa,-20.7333,139.5,33.87,20,20,3.6,AU,1724825596
175,vernon,50.2581,-119.2691,10.25,86,89,0.45,CA,1724825418
176,georgetown,5.4112,100.3354,30.96,70,20,2.06,MY,1724825556
177,mhangura,-16.8939,30.1683,21.91,28,2,1.33,ZW,1724825600
178,haiku-pauwela,20.9219,-156.3051,24.59,70,40,5.66,US,1724825601
179,debesy,57.6529,53.8049,23.29,62,16,3.75,RU,1724825602
180,jayapura,-2.5333,140.7,32.66,76,52,4.05,ID,1724825354
181,gudibanda,13.6694,77.6983,26.56,59,100,7.99,IN,1724825605
182,abepura,-2.6333,140.5833,32.45,62,20,6.69,ID,1724825606
183,mareeba,-17.0,145.4333,26.56,54,3,4.35,AU,1724825607
184,turriff,57.5384,-2.4593,15.99,95,34,4.82,GB,1724825609
185,pisco,-13.7,-76.2167,16.03,88,100,1.54,PE,1724825610
186,afaahiti,-17.75,-149.2833,22.44,80,91,5.67,PF,1724825611
187,guatrache,-37.6678,-63.5302,7.64,74,71,5.21,AR,1724825612
188,shendi,16.6915,33.4341,28.46,64,98,4.77,SD,1724825413
189,margate,51.3813,1.3862,17.05,89,55,3.29,GB,1724825424
190,tutong,4.8,114.65,29.67,68,97,2.39,BN,1724825616
191,wenchang,30.904,118.4887,29.31,67,80,2.61,CN,1724825617
192,bereznik,62.8551,42.7072,16.25,70,76,3.48,RU,1724825618
193,sao miguel do araguaia,-13.275,-50.1628,27.31,29,54,2.02,BR,1724825620
194,slyudyanka,51.6594,103.7061,19.87,74,22,1.29,RU,1724825621
195,shubarshi,48.5872,57.1869,22.96,33,0,5.51,KZ,1724825622
196,vadso,70.0744,29.7487,12.09,76,55,9.77,NO,1724825623
197,kemijarvi,66.7131,27.4306,10.57,68,80,3.8,FI,1724825625
198,avarua,-21.2078,-159.775,25.03,94,75,5.66,CK,1724825626
199,woolgoolga,-30.1106,153.2007,31.93,46,11,3.76,AU,1724825627
200,sisimiut,66.9395,-53.6735,6.99,83,100,0.8,GL,1724825628
201,egersund,58.4513,5.9997,15.89,89,100,5.57,NO,1724825630
202,suceava,47.6333,26.25,21.4,73,0,5.66,RO,1724825571
203,qamdo,31.1667,97.2333,20.95,32,34,2.1,CN,1724825632
204,raduzhny,62.0961,77.475,20.04,63,98,3.9,RU,1724825633
205,amos,48.5669,-78.1162,5.34,96,70,3.55,CA,1724825634
206,gimbi,9.1667,35.8333,15.95,91,99,0.62,ET,1724825636
207,arua,3.0201,30.9111,19.18,90,93,1.78,UG,1724825637
208,oulad teima,30.3947,-9.209,17.6,93,3,2.57,MA,1724825638
209,souillac,-20.5167,57.5167,22.21,64,40,6.69,MU,1724825639
210,taoudenni,22.6783,-3.9836,35.26,16,71,0.81,ML,1724825641
211,mutoko,-17.397,32.2268,20.89,34,0,0.63,ZW,1724825642
212,tajerouine,35.8917,8.5528,23.68,54,48,0.73,TN,1724825643
213,guerrero negro,27.9769,-114.0611,20.74,81,6,5.41,MX,1724825644
214,serdar,38.9764,56.2757,31.91,14,0,5.38,TM,1724825645
215,zharkent,44.1628,80.0,31.29,25,52,1.45,KZ,1724825647
216,zhangye,38.9342,100.4517,31.91,27,5,2.76,CN,1724825648
217,tazovsky,67.4667,78.7,13.97,78,78,2.67,RU,1724825649
218,turaif,31.6725,38.6637,26.14,36,0,3.09,SA,1724825650
219,margaret river,-33.95,115.0667,17.13,65,88,8.48,AU,1724825652
220,aykhal,66.0,111.5,12.4,52,93,4.48,RU,1724825653
221,kotlas,61.2611,46.6556,18.32,57,84,3.71,RU,1724825654
222,korinthos,37.9407,22.9573,28.83,42,0,2.19,GR,1724825655
223,columbus,39.9612,-82.9988,25.32,78,0,2.59,US,1724825427
224,marka,1.7159,44.7717,27.11,75,45,6.04,SO,1724825657
225,forio,40.7342,13.8646,26.35,72,19,0.89,IT,1724825659
226,skeldon,5.8833,-57.1333,23.84,94,75,1.34,GY,1724825660
227,aykol,38.1751,77.2132,28.08,35,68,2.5,CN,1724825661
228,ancud,-41.8697,-73.8203,4.14,87,49,2.23,CL,1724825662
229,nguruka,-5.1092,31.0419,22.9,60,63,1.49,TZ,1724825664
230,bullsbrook,-31.6667,116.0,22.75,56,40,6.69,AU,1724825665
231,polyarnyy,69.1989,33.4478,12.49,69,35,12.16,RU,1724825666
232,san patricio,28.017,-97.5169,27.97,69,6,3.41,US,1724825667
233,fort st. john,56.2499,-120.8529,8.94,93,75,4.63,CA,1724825668
234,rikaze,29.25,88.8833,20.49,26,13,1.26,CN,1724825670
235,abha,18.2164,42.5053,20.14,64,0,3.09,SA,1724825671
236,illizi,26.4833,8.4667,31.11,18,0,2.46,DZ,1724825672
237,ouani,-12.1322,44.4258,25.43,73,6,1.82,KM,1724825673
238,quellon,-43.1167,-73.6167,3.59,90,62,3.02,CL,1724825674
239,impfondo,1.6381,18.0667,24.39,69,93,1.47,CG,1724825676
240,paracatu,-17.2222,-46.8747,19.96,54,6,2.44,BR,1724825415
241,axim,4.8699,-2.2405,23.54,94,88,2.94,GH,1724825678
242,kshenskiy,51.8408,37.7136,25.21,39,53,2.87,RU,1724825680
243,katsuura,35.1333,140.3,28.33,74,26,3.09,JP,1724825681
244,meybod,32.2501,54.0166,35.87,10,0,1.78,IR,1724825682
245,codrington,-38.2667,141.9667,11.64,60,66,12.39,AU,1724825685
246,kirensk,57.7853,108.1119,16.29,83,99,3.86,RU,1724825686
247,murbad,19.25,73.4,26.61,86,100,6.38,IN,1724825687
248,palmer,42.1584,-72.3287,20.85,84,0,3.6,US,1724825689
249,povorino,51.1945,42.2457,26.27,33,12,3.3,RU,1724825690
250,dikhil,11.5,42.1667,26.37,60,99,1.05,DJ,1724825691
251,kasongo-lunda,-6.4667,16.8167,21.93,30,15,0.85,CD,1724825692
252,canutama,-6.5339,-64.3831,24.19,49,0,1.13,BR,1724825694
253,dunedin,-45.8742,170.5036,10.45,93,94,2.68,NZ,1724825695
254,mount gambier,-37.8333,140.7667,11.02,64,71,7.78,AU,1724825696
255,kapa'a,22.0752,-159.319,26.18,79,40,5.66,US,1724825698
256,nizhnesortymskiy,62.4397,71.7603,20.95,58,30,4.84,RU,1724825699
257,ocean shores,46.9737,-124.1563,14.45,86,0,3.09,US,1724825700
258,lincheng,19.9078,109.6858,33.33,58,100,6.44,CN,1724825701
259,victoria,22.2855,114.1577,35.21,59,99,3.13,HK,1724825616
260,ibi,38.6253,-0.5723,22.27,87,11,0.6,ES,1724825704
261,happy valley-goose bay,53.3168,-60.3315,17.17,94,75,4.12,CA,1724825705
262,fuglafjordur,62.244,-6.814,11.41,90,100,7.19,FO,1724825706
263,isfana,39.8386,69.5306,21.91,23,43,5.98,KG,1724825708
264,hirara,24.8,125.2833,32.15,79,20,5.66,JP,1724825709
265,sandnessjoen,66.0217,12.6316,14.12,100,75,7.72,NO,1724825710
266,kavieng,-2.5744,150.7967,28.19,77,95,3.81,PG,1724825711
267,ulanhot,46.0833,122.0833,25.08,65,93,2.35,CN,1724825712
268,nantucket,41.2835,-70.0995,20.06,94,0,3.6,US,1724825485
269,sitka,57.0531,-135.33,14.94,77,100,2.57,US,1724825716
270,leirvik,59.7798,5.5005,17.02,100,75,8.23,NO,1724825717
271,ust-nera,64.5667,143.2,7.01,68,100,1.08,RU,1724825718
272,hobyo,5.3505,48.5268,28.1,67,5,9.16,SO,1724825720
273,dongola,19.1667,30.4833,31.87,47,79,3.67,SD,1724825721
274,namibe,-15.1961,12.1522,18.16,84,80,2.96,AO,1724825722
275,karratha,-20.7377,116.8463,33.39,19,19,4.33,AU,1724825723
276,bel ombre,-4.6167,55.4167,26.91,78,40,8.75,SC,1724825724
277,kodiak,57.79,-152.4072,11.73,71,100,2.06,US,1724825726
278,wotje,9.4543,170.2367,28.69,78,98,4.91,MH,1724825728
279,luwuk,-0.9516,122.7875,24.76,90,82,3.9,ID,1724825729
280,grajau,-5.8194,-46.1386,24.23,41,34,1.73,BR,1724825731
281,ormara,25.2088,64.6357,27.01,88,100,4.56,PK,1724825732
282,zhalantun,48.0,122.7167,28.71,53,56,3.62,CN,1724825733
283,zhongshu,24.5167,103.7667,27.74,51,18,0.56,CN,1724825734
284,oriximina,-1.7656,-55.8661,26.25,48,42,2.2,BR,1724825735
285,guiberoua,6.2392,-6.1727,21.64,99,100,2.05,CI,1724825737
286,sao raimundo das mangabeiras,-7.0219,-45.4811,23.61,39,7,2.36,BR,1724825738
287,mejit,10.2753,170.8646,28.63,78,55,5.18,MH,1724825739
288,zastron,-30.3023,27.084,4.95,51,0,3.06,ZA,1724825740
289,malanje,-9.5402,16.341,18.79,30,23,1.17,AO,1724825623
290,debre birhan,9.6833,39.5333,11.85,89,100,1.99,ET,1724825743
291,cuamba,-14.8031,36.5372,24.65,55,8,3.17,MZ,1724825744
292,whakatane,-37.9585,176.9854,15.28,80,48,0.45,NZ,1724825746
293,nanpiao,41.0982,120.7479,28.4,47,21,1.72,CN,1724825747
294,champerico,14.3,-91.9167,26.21,87,77,2.78,GT,1724825748
295,ixtapa,20.7,-105.2,27.57,89,75,1.54,MX,1724825749
296,sujiatun,41.6592,123.3392,30.1,42,0,2.0,CN,1724825751
297,tiksi,71.6872,128.8694,3.97,77,90,5.16,RU,1724825752
298,santana,-0.0583,-51.1817,26.1,89,0,1.03,BR,1724825753
299,hailar,49.2,119.7,25.62,30,15,5.48,CN,1724825754
300,sarkand,45.41,79.9186,27.06,20,90,4.35,KZ,1724825755
301,barcelona,41.3888,2.159,25.02,81,20,2.06,ES,1724825739
302,nuuk,64.1835,-51.7216,7.34,87,100,1.03,GL,1724825758
303,pontivy,48.0,-3.0,14.73,78,16,0.97,FR,1724825759
304,chinchilla,-26.75,150.6333,31.68,31,0,0.89,AU,1724825760
305,constantia,44.1833,28.65,20.39,81,85,6.55,RO,1724825646
306,dondo,-19.6094,34.7431,25.59,60,0,3.32,MZ,1724825763
307,fort bragg,35.139,-79.006,24.91,84,0,1.54,US,1724825764
308,caleta de carquin,-11.0925,-77.6267,15.94,87,31,4.83,PE,1724825765
309,fale old settlement,-9.3852,-171.2468,28.35,73,2,5.59,TK,1724825766
310,taro,-8.3862,115.28,30.31,31,44,2.38,ID,1724825767
311,tofol,5.3248,163.0078,27.5,79,99,4.88,FM,1724825769
312,tazacorte,28.629,-17.9293,22.54,91,75,5.66,ES,1724825770
313,portland,45.5234,-122.6762,15.37,70,6,1.34,US,1724825708
314,gilgit,35.9221,74.3087,25.79,44,34,3.1,PK,1724825772
315,tarko-sale,64.9225,77.785,20.33,56,32,3.94,RU,1724825773
316,simav,39.0882,28.9777,20.93,62,0,2.4,TR,1724825775
317,tura,25.5198,90.2201,28.97,84,47,1.29,IN,1724825776
318,bardai,11.65,7.2333,21.21,96,100,4.8,NG,1724825777
319,ta`u,-14.2336,-169.5144,26.1,79,21,3.16,AS,1724825778
320,pacasmayo,-7.4006,-79.5714,16.36,93,71,3.09,PE,1724825779
321,ascencion de guarayos,-15.8963,-63.1881,17.93,46,1,1.11,BO,1724825781
322,bloemhof,-27.6469,25.607,7.09,60,0,3.91,ZA,1724825782
323,vrangel',42.7297,133.0839,21.91,67,2,1.55,RU,1724825784
324,new norfolk,-42.7826,147.0587,9.4,94,97,5.1,AU,1724825785
325,buckhannon,38.994,-80.232,22.74,77,44,0.45,US,1724825787
326,rio casca,-20.2261,-42.6508,13.07,90,20,1.74,BR,1724825788
327,huarmey,-10.0681,-78.1522,16.86,87,39,3.89,PE,1724825789
328,hietzing,48.1853,16.2994,23.21,79,38,0.45,AT,1724825790
329,lensk,60.7253,114.9278,13.21,97,100,0.55,RU,1724825792
330,zeya,53.75,127.2667,15.32,94,100,2.16,RU,1724825793
331,bamboo flat,11.7,92.7167,29.05,79,100,6.17,IN,1724825794
332,talcahuano,-36.7167,-73.1167,4.82,93,0,2.57,CL,1724825795
333,moyynkum,44.2914,72.9469,26.08,26,100,6.54,KZ,1724825797
334,an nuhud,12.7,28.4333,24.62,80,100,4.13,SD,1724825798
335,kittila,67.6647,24.8936,10.08,66,0,3.09,FI,1724825799
336,hasaki,35.7333,140.8333,28.36,72,46,3.9,JP,1724825800
337,iskateley,67.6803,53.1512,16.0,59,7,8.86,RU,1724825801
338,santa cruz,-17.8,-63.1667,19.7,34,24,4.12,BO,1724825739
339,nouadhibou,20.931,-17.0347,21.92,88,72,7.37,MR,1724825804
340,ribeira brava,32.65,-17.0667,21.51,73,4,0.8,PT,1724825805
341,neftegorsk,52.802,51.166,23.18,50,2,1.45,RU,1724825806
342,puerto armuelles,8.2833,-82.8667,25.61,84,76,1.34,PA,1724825807
343,kidal,18.4411,1.4078,26.41,68,96,10.05,ML,1724825808
344,portage la prairie,49.9728,-98.2926,11.61,69,0,2.08,CA,1724825810
345,enewetak,11.3474,162.3373,28.91,82,100,8.4,MH,1724825811
346,mar del plata,-38.0023,-57.5575,7.85,90,7,0.89,AR,1724825098
347,mount pearl,47.5166,-52.7813,17.86,92,20,8.75,CA,1724825812
348,tromso,69.6496,18.957,11.01,87,75,5.66,NO,1724825526
349,lagoa,39.05,-27.9833,22.22,67,77,3.14,PT,1724825816
350,laminusa,5.5549,120.9136,28.62,74,84,2.82,PH,1724825817
351,buctzotz,21.2,-88.7833,24.28,95,99,1.47,MX,1724825818
352,bayganin,48.6947,55.8742,23.37,32,0,4.92,KZ,1724825819
353,ngetkib,7.3645,134.5148,32.14,66,75,2.66,PW,1724825820
354,nyurba,63.2842,118.3319,13.58,45,100,2.9,RU,1724825822
355,ust'-kulom,61.6864,53.6902,12.61,85,100,3.04,RU,1724825824
356,pelotas,-31.7719,-52.3425,9.36,98,0,0.6,BR,1724825462
357,vilyuysk,63.7553,121.6247,14.23,38,36,3.98,RU,1724825826
358,nazyvayevsk,55.5698,71.3529,18.78,61,4,2.79,RU,1724825828
359,canton,23.1167,113.25,36.26,46,74,3.96,CN,1724825603
360,uliastay,47.7417,96.8444,24.25,25,60,6.77,MN,1724825830
361,road town,18.4167,-64.6167,27.95,67,5,8.16,VG,1724825833
362,as sulayyil,20.4607,45.5779,39.56,12,71,2.44,SA,1724825834
363,sovetsk,55.0839,21.8785,16.52,71,20,2.88,RU,1724825835
364,san ignacio de velasco,-16.3667,-60.95,20.0,35,0,1.14,BO,1724825836
365,sabha,27.0377,14.4283,29.84,30,1,3.82,LY,1724825837
366,san antonio de pale,-1.4014,5.6325,23.16,81,100,4.77,GQ,1724825839
367,cotonou,6.3654,2.4183,24.99,88,40,3.6,BJ,1724825840
368,bardejov,49.2918,21.2727,19.6,74,11,2.43,SK,1724825841
369,port alfred,-33.5906,26.891,12.32,75,68,3.13,ZA,1724825844
370,salahonda,2.1019,-78.7217,25.91,86,62,4.2,CO,1724825845
371,nurabad,34.0734,47.9725,31.18,10,0,1.12,IR,1724825846
372,port douglas,-16.4833,145.4667,24.4,80,69,6.48,AU,1724825847
373,novoishimskiy,53.1981,66.7694,19.13,61,1,2.49,KZ,1724825848
374,kolonia town,6.964,158.206,27.0,94,100,1.54,FM,1724825850
375,rumyantsevo,55.9728,36.5342,18.8,76,80,3.28,RU,1724825851
376,maych'ew,12.7875,39.5422,14.79,87,100,0.88,ET,1724825852
377,kangding,30.0513,101.9603,25.79,61,78,3.28,CN,1724825853
378,ryde,50.73,-1.1621,17.56,59,89,0.89,GB,1724825854
379,rio grande,-32.035,-52.0986,10.73,88,0,1.38,BR,1724825856
380,constitucion,-35.3333,-72.4167,8.15,71,87,2.07,CL,1724825857
381,oelwein,42.6733,-91.9135,22.57,95,56,1.66,US,1724825858
382,prince albert,53.2001,-105.7677,17.97,72,20,4.63,CA,1724825859
383,woodland park,40.8898,-74.1949,23.1,82,75,3.09,US,1724825860
384,tan-tan,28.438,-11.1032,19.97,77,75,7.72,MA,1724825862
385,lompoc,34.6391,-120.4579,13.96,94,100,1.54,US,1724825795
386,kone,-21.0595,164.8658,24.21,51,24,3.01,NC,1724825865
387,kajaani,64.2273,27.7285,11.03,82,0,3.09,FI,1724825852
388,manakara,-22.1333,48.0167,23.07,67,5,4.52,MG,1724825868
389,broken hill,-31.95,141.4333,21.84,24,0,8.48,AU,1724825869
390,kluczbork,50.9728,18.2182,19.92,66,8,4.84,PL,1724825870
391,port augusta,-32.5,137.7667,20.47,34,0,5.34,AU,1724825871
392,devecser,47.1032,17.438,25.03,69,31,0.97,HU,1724825872
393,preobrazheniye,42.9019,133.9064,23.69,64,0,2.25,RU,1724825874
394,mana,5.6592,-53.7767,23.97,90,71,2.43,GF,1724825875
395,puerto gaitan,4.3133,-72.0816,24.63,76,86,2.88,CO,1724825793
396,guiuan,11.0333,125.7247,29.95,71,99,4.31,PH,1724825877
397,kerikeri,-35.2268,173.9474,13.84,87,67,1.34,NZ,1724825842
398,umluj,25.0213,37.2685,32.58,65,42,2.27,SA,1724825880
399,san lawrenz,36.0553,14.204,26.41,77,34,0.81,MT,1724825881
400,st. john's,47.5649,-52.7093,18.32,91,20,8.75,CA,1724825676
401,ashburton,-37.8626,145.0794,14.45,73,92,3.58,AU,1724825883
402,suva,-18.1416,178.4415,22.71,68,75,2.57,FJ,1724825639
403,ivins,37.1686,-113.6794,26.62,17,0,1.93,US,1724825886
404,sao lourenco do oeste,-26.3592,-52.8511,10.26,60,95,1.22,BR,1724825887
405,ahvaz,31.3203,48.6693,39.97,18,0,0.0,IR,1724825888
406,auki,-8.7676,160.7034,28.33,76,34,2.19,SB,1724825889
407,itaituba,-4.2761,-55.9836,24.83,48,15,0.03,BR,1724825891
408,bure,10.7,37.0667,15.0,97,100,1.04,ET,1724825892
409,isla del bosque,22.7333,-105.85,27.87,81,57,1.22,MX,1724825893
410,kununurra,-15.7667,128.7333,36.99,15,94,6.69,AU,1724825894
411,ofunato,39.0717,141.7167,25.21,93,100,2.55,JP,1724825895
412,copiapo,-27.3667,-70.3333,11.24,79,5,0.81,CL,1724825772
413,kingston,17.997,-76.7936,28.53,79,20,3.6,JM,1724825898
414,ust-tsilma,65.441,52.1498,18.7,53,48,4.53,RU,1724825899
415,mafinga,-7.25,35.0667,23.45,60,13,2.11,TZ,1724825900
416,miltenberg,49.7039,9.2644,19.11,80,0,1.58,DE,1724825901
417,maramba,-5.05,38.6167,20.36,77,61,1.79,TZ,1724825903
418,nicoya,10.1483,-85.452,23.81,95,100,0.62,CR,1724825904
419,kargil,34.5667,76.1,15.34,39,94,1.02,IN,1724825905
420,belel,7.05,14.4333,17.19,93,99,1.04,CM,1724825906
421,kruisfontein,-34.0033,24.7314,8.18,63,65,11.69,ZA,1724825908
422,port arthur,38.8,121.2667,30.12,62,58,0.51,CN,1724825909
423,tanout,14.9709,8.8879,26.28,70,99,6.27,NE,1724825910
424,moyale,3.5167,39.0584,20.6,77,77,5.82,KE,1724825911
425,webster city,42.4694,-93.816,19.15,100,0,2.06,US,1724825912
426,villa regina,-39.1,-67.0667,6.66,30,99,0.45,AR,1724825914
427,touros,-5.1989,-35.4608,22.42,89,64,5.74,BR,1724825915
428,pont rouge,48.8833,-72.0825,11.36,90,100,6.22,CA,1724825916
429,ash shafa,21.0694,40.3119,19.37,52,76,1.54,SA,1724825917
430,maraba,-5.3686,-49.1178,23.1,100,0,0.51,BR,1724825918
431,nelidovo,56.2211,32.7774,17.61,61,24,3.31,RU,1724825920
432,mazagao,-0.115,-51.2894,23.18,95,99,1.72,BR,1724825922
433,noosa heads,-26.3833,153.15,24.34,67,0,8.22,AU,1724825923
434,onguday,50.75,86.15,19.94,46,20,2.51,RU,1724825924
435,minas de marcona,-15.2119,-75.1103,10.38,88,62,3.66,PE,1724825926
436,mukalla,14.5425,49.1242,29.73,70,91,1.67,YE,1724825927
437,sigmaringen,48.0833,9.2167,15.2,96,3,0.89,DE,1724825928
438,ivdel',60.6911,60.4206,22.52,57,49,4.08,RU,1724825929
439,lichuan,30.3,108.85,25.31,69,96,2.2,CN,1724825931
440,matoury,4.8483,-52.3317,22.98,100,75,0.51,GF,1724825932
441,banff,51.1762,-115.5698,6.21,87,90,2.57,CA,1724825933
442,sur,22.5667,59.5289,36.15,40,44,3.51,OM,1724825934
443,tabas,33.5959,56.9244,37.01,10,0,2.18,IR,1724825936
444,priekule,56.4468,21.5897,16.03,66,100,1.98,LV,1724825937
445,ashbourne,53.5108,-6.4272,15.14,83,4,2.08,IE,1724825938
446,qingnian,36.8456,115.7117,27.78,61,5,3.85,CN,1724825939
447,uturoa,-16.7333,-151.4333,25.14,73,86,6.48,PF,1724825940
448,salekhard,66.53,66.6019,19.26,56,36,4.35,RU,1724825942
449,luoyang,34.6836,112.4536,29.4,42,9,4.67,CN,1724825943
450,nova vicosa,-17.8919,-39.3719,21.98,76,99,6.83,BR,1724825944
451,baharly,38.4362,57.4316,31.47,15,0,2.61,TM,1724825891
452,nar'yan-mar,67.6713,53.087,15.97,59,7,8.89,RU,1724825946
453,orchard homes,46.8633,-114.0484,12.4,72,100,1.79,US,1724825947
454,axum,14.1245,38.7244,14.93,90,100,2.06,ET,1724825949
455,mandalgovi,45.7625,106.2708,27.83,28,55,5.07,MN,1724825950
456,birjand,32.8663,59.2211,32.26,10,0,3.09,IR,1724825951
457,cockburn town,21.4612,-71.1419,28.45,77,14,7.16,TC,1724825952
458,isangel,-19.55,169.2667,25.06,57,75,3.09,VU,1724825954
459,tottori,35.5,134.2333,30.04,74,75,7.72,JP,1724825955
460,varna,43.2167,27.9167,20.08,83,75,3.6,BG,1724825956
461,kilindoni,-7.9139,39.6668,25.47,75,11,5.9,TZ,1724825957
462,rabigh,22.7986,39.0349,32.75,62,53,3.37,SA,1724825815
463,ghat,24.9647,10.1728,29.59,21,0,2.3,LY,1724825960
464,muisne,0.6,-80.0333,23.43,90,100,3.97,EC,1724825961
465,barah,13.7,30.3667,25.84,75,98,2.95,SD,1724825962
466,sangkhla buri,15.1555,98.4536,27.93,84,98,1.26,TH,1724825963
467,tadjourah,12.0,42.5,27.02,63,83,2.37,DJ,1724825964
468,zakynthos,37.7914,20.8953,26.62,74,20,0.0,GR,1724825966
469,tezu,27.9167,96.1667,35.36,47,89,1.65,IN,1724825967
470,korocha,50.8107,37.1953,25.31,31,98,4.97,RU,1724825968
471,turbat,26.0023,63.044,32.47,51,100,1.4,PK,1724825969
472,al jawf,29.5,38.75,29.95,34,15,6.17,SA,1724825970
473,korla,41.7597,86.1469,33.86,20,85,7.2,CN,1724825972
474,boguchany,58.3814,97.4531,14.9,92,100,0.98,RU,1724825973
475,port hedland,-20.3167,118.5667,38.03,8,41,5.14,AU,1724825714
476,nkpor,6.1516,6.8446,22.26,98,98,1.17,NG,1724825975
477,sao tome,0.3365,6.7273,24.65,82,93,4.11,ST,1724825976
478,sinan,34.8262,126.1086,25.18,85,7,6.12,KR,1724825978
479,coahuayana de hidalgo,18.7,-103.6583,26.15,94,100,0.82,MX,1724825979
480,lata,40.1629,-8.3327,10.34,94,17,1.0,PT,1724825980
481,kapuskasing,49.4169,-82.4331,10.05,87,75,2.06,CA,1724825982
482,acajutla,13.5928,-89.8275,26.43,87,85,2.39,SV,1724825983
483,marsh harbour,26.5412,-77.0636,28.63,75,5,5.35,BS,1724825984
484,nabagram,22.2881,88.5092,32.36,65,85,3.13,IN,1724825985
485,olinda,-8.0089,-34.8553,23.85,83,75,4.12,BR,1724825776
486,porto novo,6.4965,2.6036,24.9,93,92,2.17,BJ,1724825988
487,cochin,9.9399,76.2602,29.99,71,100,3.0,IN,1724825989
488,emmett,43.8735,-116.4993,18.1,22,3,6.9,US,1724825990
489,aleksandrovsk-sakhalinskiy,50.8975,142.1561,20.28,75,37,4.07,RU,1724825991
490,arno,60.1167,18.6333,16.17,72,84,4.76,SE,1724825993
491,wenzhou,27.9994,120.6668,28.62,84,98,1.46,CN,1724825994
492,machico,32.7,-16.7667,21.51,73,40,3.09,PT,1724825995
493,trinidad,-14.8333,-64.9,20.25,43,2,1.5,BO,1724825996
494,fort-shevchenko,44.5086,50.263,28.56,38,0,6.82,KZ,1724825997
495,flin flon,54.7682,-101.865,12.62,68,29,5.53,CA,1724825712
496,argo,37.6333,22.7333,28.54,36,16,1.84,GR,1724826000
497,bakchar,57.0186,82.0711,17.39,75,87,1.68,RU,1724826001
498,likiep,9.8251,169.3107,28.73,77,84,4.74,MH,1724826002
499,kill devil hills,36.0307,-75.676,25.55,91,0,0.0,US,1724826003
500,konstantinovka,49.6167,127.9833,26.64,50,100,8.41,RU,1724826005
501,harper,4.375,-7.7169,24.16,89,100,6.62,LR,1724826006
502,belo sur tsiribihina,-19.7,44.55,27.25,53,2,2.11,MG,1724826008
503,taltal,-25.4,-70.4833,13.1,79,11,0.87,CL,1724826010
504,smirnykh,49.75,142.8333,22.55,80,23,3.17,RU,1724826011
505,east london,-33.0153,27.9116,13.52,62,0,3.6,ZA,1724826012
506,baruun-urt,46.6806,113.2792,27.29,28,37,2.13,MN,1724826013
507,nova sintra,14.8667,-24.7167,26.45,81,64,1.86,CV,1724826014
508,shahpura,27.3833,75.9667,29.4,62,54,4.92,IN,1724826016
509,lihue,21.9789,-159.3672,25.77,77,40,5.66,US,1724826017
510,novyy urgal,51.0736,132.5642,25.0,43,51,4.83,RU,1724826018
511,hendrina,-26.1588,29.7153,14.34,17,0,2.15,ZA,1724826019
512,khandyga,62.6667,135.6,13.87,48,87,1.92,RU,1724826020
513,page,36.9147,-111.4558,26.49,25,0,0.89,US,1724826022
514,lilongwe,-13.9669,33.7873,21.11,68,2,1.54,MW,1724826023
515,kashgar,39.4547,75.9797,25.56,50,0,2.0,CN,1724826024
516,pleiku,13.9833,108.0,27.18,67,95,3.62,VN,1724826026
517,kyzyl-mazhalyk,51.1333,90.6,22.55,31,3,1.4,RU,1724826027
518,xai-xai,-25.0519,33.6442,24.98,56,0,6.65,MZ,1724826028
519,oranjemund,-28.55,16.4333,12.21,72,93,6.87,NA,1724826029
520,xiulin,29.7167,112.4,27.31,66,62,5.89,CN,1724826030
521,acarau,-2.8856,-40.12,24.83,74,100,6.55,BR,1724826032
522,cannonvale,-20.2833,148.7,22.66,73,1,4.61,AU,1724826033
523,celestun,20.8667,-90.4,26.62,82,29,4.2,MX,1724826034
524,ketchikan,55.3422,-131.6461,14.26,82,100,2.06,US,1724826035
525,port-vila,-17.7338,168.3219,23.78,73,75,7.72,VU,1724826039
526,alta,69.9689,23.2717,13.59,71,40,1.03,NO,1724826041
527,narasannapeta,18.4167,84.05,27.17,85,100,4.59,IN,1724826043
528,karema,-6.8205,30.4389,26.68,50,5,3.33,TZ,1724826044
529,val-d'or,48.1002,-77.7828,9.05,81,100,7.2,CA,1724826045
530,westport,41.1415,-73.3579,23.28,85,17,1.79,US,1724826046
531,menongue,-14.6585,17.691,15.52,23,8,2.15,AO,1724826047
532,batticaloa,7.7102,81.6924,30.07,59,97,2.96,LK,1724826049
533,ceret,42.4853,2.748,19.6,75,0,1.67,FR,1724826050
534,stowbtsy,53.4785,26.7434,20.52,73,1,4.21,BY,1724826051
535,abilene,32.4487,-99.7331,24.54,72,0,4.12,US,1724825960
536,brookings,44.3114,-96.7984,16.36,97,100,0.0,US,1724826055
537,singkil,-7.9855,111.4161,33.37,35,98,4.38,ID,1724826056
538,salaqi,40.5414,110.5108,27.98,40,76,2.73,CN,1724826057
539,pandan,14.0453,124.1694,29.84,71,100,5.28,PH,1724826058
540,lamia,38.9,22.4333,28.55,36,1,1.14,GR,1724826060
541,valuyki,50.2035,38.1067,26.69,27,100,5.63,RU,1724826061
542,patan,27.6667,85.3333,28.21,65,75,1.54,NP,1724826062
543,merritt island,28.5392,-80.672,28.92,85,0,3.09,US,1724826063
544,canacona,14.9959,74.0506,27.73,80,74,5.58,IN,1724826064
545,wotho,10.1657,166.0102,28.57,80,97,5.39,MH,1724826066
546,bandon,51.7469,-8.7425,14.77,93,85,4.45,IE,1724826067
547,peniche,39.3558,-9.3811,18.45,95,34,3.57,PT,1724826068
548,panji,-7.7253,114.0995,31.48,44,79,5.08,ID,1724826070
549,howard springs,-12.497,131.047,31.95,53,79,1.78,AU,1724826071
550,beipiao,41.7919,120.7792,28.59,46,2,2.35,CN,1724826072
551,viedma,-40.8135,-62.9967,5.23,56,98,3.27,AR,1724826074
552,catia la mar,10.6038,-67.0303,28.11,65,79,1.54,VE,1724826075
553,puerto colombia,10.9878,-74.9547,29.05,85,88,8.41,CO,1724826076
554,el kala,36.8956,8.4433,24.67,63,21,0.62,DZ,1724826077
555,forster,-32.1667,152.5167,29.6,33,54,4.19,AU,1724826079
556,magadan,59.5667,150.8,14.39,74,41,3.75,RU,1724826080
557,sinop,41.7711,34.8709,21.13,74,68,1.46,TR,1724826081
558,lijiang,26.8688,100.2207,24.83,53,22,2.5,CN,1724826083
559,barro alto,-11.7608,-41.9117,15.73,77,5,3.23,BR,1724826084
560,belousovka,50.1339,82.5239,21.47,43,40,5.0,KZ,1724826085
561,tralee,52.2704,-9.7026,15.14,94,75,3.6,IE,1724826086
562,daru,-9.0763,143.2092,26.06,73,62,5.41,PG,1724826087
563,governador valadares,-18.8511,-41.9494,20.09,67,100,2.62,BR,1724826089
564,rib mountain,44.9128,-89.6754,19.83,89,100,4.63,US,1724826090
565,san fernando,15.0286,120.6898,29.85,97,99,3.53,PH,1724826091
566,walvis bay,-22.9575,14.5053,11.99,79,0,7.13,NA,1724826094
567,kozan,37.4552,35.8157,27.15,71,25,1.72,TR,1724826095
568,lame,10.4415,9.2396,21.19,94,100,2.63,NG,1724826096
569,debre tabor,11.85,38.0167,12.19,89,100,1.15,ET,1724826097
570,tobelo,1.7284,128.0095,28.74,74,40,1.09,ID,1724826098
571,saint-philippe,-21.3585,55.7679,20.37,71,51,8.29,RE,1724826100
572,iquique,-20.2208,-70.1431,15.38,73,72,2.03,CL,1724826101
573,pangai,-19.8,-174.35,23.06,73,20,0.0,TO,1724826102
574,nazir town,33.3061,73.4833,27.11,72,84,4.04,PK,1724826103
575,eyl,7.9803,49.8164,30.25,56,82,9.46,SO,1724826104
576,novodvinsk,64.4165,40.8122,14.86,50,41,4.97,RU,1724826106
577,plain city,41.298,-112.0861,21.22,47,1,0.89,US,1724826107
578,geraldton,-28.7667,114.6,22.23,68,75,4.63,AU,1724826108
579,urengoy,65.9667,78.3667,17.93,66,63,3.41,RU,1724826109
580,jaffna,9.6685,80.0074,28.72,76,97,7.67,LK,1724826111
581,akrehamn,59.2667,5.1833,16.14,88,75,7.72,NO,1724826112
582,dikwa,12.024,13.9165,25.18,83,100,3.55,NG,1724826113
583,gohpur,26.8833,93.6333,34.63,58,50,2.23,IN,1724826114
584,manzanillo,20.3433,-77.1167,25.72,87,100,2.67,CU,1724826115
585,emerald,-23.5333,148.1667,28.52,36,1,3.64,AU,1724826117
586,pionerskiy,54.9508,20.2275,15.91,72,58,4.39,RU,1724825944
587,mirpur sakro,24.5474,67.6277,29.84,69,100,10.38,PK,1724826119
588,ranau,5.9538,116.6641,27.2,75,100,0.95,MY,1724826120
589,valparaiso,-33.0393,-71.6273,8.8,100,40,0.0,CL,1724826121
590,xining,36.6167,101.7667,26.76,50,17,2.44,CN,1724826118
591,sao felix do xingu,-6.6447,-51.995,25.75,37,26,0.44,BR,1724826124
592,ashmyany,54.425,25.9378,16.91,72,4,5.04,BY,1724826125
593,unai,-16.3575,-46.9061,21.1,48,0,1.6,BR,1724826126
594,puerto deseado,-47.7503,-65.8938,5.92,60,72,8.56,AR,1724826127
